trade_id,model_id,probability,decision,threshold,nan_features,is_authoritative,scored_at
21096,s1_xgb_v2_c430d22dd1ab.NOT_PROMOTED,0.27781838178634644,take,0.2358497530221939,0,t,2026-09-02 08:34:07.50165
21097,s1_xgb_v2_c430d22dd1ab.NOT_PROMOTED,0.18164531886577606,skip,0.2358497530221939,0,t,2026-09-02 08:34:07.50165
21098,s1_xgb_v2_c430d22dd1ab.NOT_PROMOTED,0.23586906492710114,take,0.2358497530221939,0,t,2026-09-02 08:34:07.50165
21099,s1_xgb_v2_c430d22dd1ab.NOT_PROMOTED,0.25225910544395447,take,0.2358497530221939,0,t,2026-09-02 08:34:07.50165
21100,s1_xgb_v2_c430d22dd1ab.NOT_PROMOTED,0.06432726979255676,skip,0.2358497530221939,0,t,2026-09-02 08:34:07.50165
21101,s1_xgb_v2_c430d22dd1ab.NOT_PROMOTED,0.11439036577939987,skip,0.2358497530221939,6,t,2026-09-02 08:34:07.50165
21102,s1_xgb_v2_c430d22dd1ab.NOT_PROMOTED,0.18742381036281586,skip,0.2358497530221939,7,t,2026-09-02 08:34:07.50165
21103,s1_xgb_v2_c430d22dd1ab.NOT_PROMOTED,0.22619248926639557,skip,0.2358497530221939,6,t,2026-09-02 08:34:07.50165
21104,s1_xgb_v2_c430d22dd1ab.NOT_PROMOTED,0.12787827849388123,skip,0.2358497530221939,6,t,2026-09-02 08:34:07.50165
21105,s1_xgb_v2_c430d22dd1ab.NOT_PROMOTED,0.15021635591983795,skip,0.2358497530221939,6,t,2026-09-02 08:34:07.50165
21106,s1_xgb_v2_c430d22dd1ab.NOT_PROMOTED,0.15098640322685242,skip,0.2358497530221939,6,t,2026-09-02 08:34:07.50165
21107,s1_xgb_v2_c430d22dd1ab.NOT_PROMOTED,0.11844921857118607,skip,0.2358497530221939,7,t,2026-09-02 08:34:07.50165
21108,s1_xgb_v2_c430d22dd1ab.NOT_PROMOTED,0.18849433958530426,skip,0.2358497530221939,0,t,2026-09-02 08:34:07.50165
21109,s1_xgb_v2_c430d22dd1ab.NOT_PROMOTED,0.11680052429437637,skip,0.2358497530221939,0,t,2026-09-02 08:34:07.50165
21110,s1_xgb_v2_c430d22dd1ab.NOT_PROMOTED,0.18977636098861694,skip,0.2358497530221939,0,t,2026-09-02 08:34:07.50165
21111,s1_xgb_v2_c430d22dd1ab.NOT_PROMOTED,0.07215091586112976,skip,0.2358497530221939,0,t,2026-09-02 08:34:07.50165
21112,s1_xgb_v2_c430d22dd1ab.NOT_PROMOTED,0.10092975944280624,skip,0.2358497530221939,0,t,2026-09-02 08:34:07.50165
21113,s1_xgb_v2_c430d22dd1ab.NOT_PROMOTED,0.1623845249414444,skip,0.2358497530221939,1,t,2026-09-02 08:34:07.50165
21114,s1_xgb_v2_c430d22dd1ab.NOT_PROMOTED,0.12063910067081451,skip,0.2358497530221939,0,t,2026-09-02 08:34:07.50165
21115,s1_xgb_v2_c430d22dd1ab.NOT_PROMOTED,0.08695905655622482,skip,0.2358497530221939,0,t,2026-09-02 08:34:07.50165
21116,s1_xgb_v2_c430d22dd1ab.NOT_PROMOTED,0.12591886520385742,skip,0.2358497530221939,0,t,2026-09-02 08:34:07.50165
21117,s1_xgb_v2_c430d22dd1ab.NOT_PROMOTED,0.19767414033412933,skip,0.2358497530221939,0,t,2026-09-02 08:34:07.50165
21118,s1_xgb_v2_c430d22dd1ab.NOT_PROMOTED,0.10889173299074173,skip,0.2358497530221939,0,t,2026-09-02 08:34:07.50165
21119,s1_xgb_v2_c430d22dd1ab.NOT_PROMOTED,0.059456970542669296,skip,0.2358497530221939,0,t,2026-09-02 08:34:07.50165
21120,s1_xgb_v2_c430d22dd1ab.NOT_PROMOTED,0.055749621242284775,skip,0.2358497530221939,0,t,2026-09-02 08:34:07.50165
21121,s1_xgb_v2_c430d22dd1ab.NOT_PROMOTED,0.08973143249750137,skip,0.2358497530221939,0,t,2026-09-02 08:34:07.50165
21122,s1_xgb_v2_c430d22dd1ab.NOT_PROMOTED,0.12950320541858673,skip,0.2358497530221939,0,t,2026-09-02 08:34:07.50165
21123,s1_xgb_v2_c430d22dd1ab.NOT_PROMOTED,0.0648382380604744,skip,0.2358497530221939,0,t,2026-09-02 08:34:07.50165
21124,s1_xgb_v2_c430d22dd1ab.NOT_PROMOTED,0.10598580539226532,skip,0.2358497530221939,0,t,2026-09-02 08:34:07.50165
21125,s1_xgb_v2_c430d22dd1ab.NOT_PROMOTED,0.13922494649887085,skip,0.2358497530221939,0,t,2026-09-02 08:34:07.50165
21126,s1_xgb_v2_c430d22dd1ab.NOT_PROMOTED,0.12950320541858673,skip,0.2358497530221939,0,t,2026-09-02 08:34:07.50165
21127,s1_xgb_v2_c430d22dd1ab.NOT_PROMOTED,0.10420364886522293,skip,0.2358497530221939,0,t,2026-09-02 08:34:07.50165
21128,s1_xgb_v2_c430d22dd1ab.NOT_PROMOTED,0.13954780995845795,skip,0.2358497530221939,1,t,2026-09-02 08:34:07.50165
21129,s1_xgb_v2_c430d22dd1ab.NOT_PROMOTED,0.06717687845230103,skip,0.2358497530221939,0,t,2026-09-02 08:34:07.50165
21130,s1_xgb_v2_c430d22dd1ab.NOT_PROMOTED,0.12320290505886078,skip,0.2358497530221939,0,t,2026-09-02 08:34:07.50165
21131,s1_xgb_v2_c430d22dd1ab.NOT_PROMOTED,0.07069975882768631,skip,0.2358497530221939,0,t,2026-09-02 08:34:07.50165
21132,s1_xgb_v2_c430d22dd1ab.NOT_PROMOTED,0.0895659402012825,skip,0.2358497530221939,0,t,2026-09-02 08:34:07.50165
21133,s1_xgb_v2_c430d22dd1ab.NOT_PROMOTED,0.07260759174823761,skip,0.2358497530221939,0,t,2026-09-02 08:34:07.50165
21134,s1_xgb_v2_c430d22dd1ab.NOT_PROMOTED,0.05620163306593895,skip,0.2358497530221939,0,t,2026-09-02 08:34:07.50165
21135,s1_xgb_v2_c430d22dd1ab.NOT_PROMOTED,0.14484846591949463,skip,0.2358497530221939,1,t,2026-09-02 08:34:07.50165
21136,s1_xgb_v2_c430d22dd1ab.NOT_PROMOTED,0.09922445565462112,skip,0.2358497530221939,0,t,2026-09-02 08:34:07.50165
21137,s1_xgb_v2_c430d22dd1ab.NOT_PROMOTED,0.19778946042060852,skip,0.2358497530221939,0,t,2026-09-02 08:34:07.50165
21138,s1_xgb_v2_c430d22dd1ab.NOT_PROMOTED,0.08133696764707565,skip,0.2358497530221939,0,t,2026-09-02 08:34:07.50165
21139,s1_xgb_v2_c430d22dd1ab.NOT_PROMOTED,0.06711549311876297,skip,0.2358497530221939,0,t,2026-09-02 08:34:07.50165
21140,s1_xgb_v2_c430d22dd1ab.NOT_PROMOTED,0.1556873321533203,skip,0.2358497530221939,1,t,2026-09-02 08:34:07.50165
