id,symbol,display_name,pip_size,pip_location,asset_class,broker_id,is_active
1,USD_SGD,USD/SGD,0.0001,-4,forex,USD_SGD,f
2,EUR_SEK,EUR/SEK,0.0001,-4,forex,EUR_SEK,f
3,BCH_USD,Bitcoin Cash,0.1,-1,cfd,BCH_USD,f
4,XAU_CAD,Gold/CAD,0.01,-2,metal,XAU_CAD,f
5,NAS100_USD,US Nas 100,1,0,cfd,NAS100_USD,f
6,EUR_HUF,EUR/HUF,0.01,-2,forex,EUR_HUF,f
7,EUR_USD,EUR/USD,0.0001,-4,forex,EUR_USD,t
8,XPT_USD,Platinum,0.01,-2,cfd,XPT_USD,f
9,XAU_EUR,Gold/EUR,0.01,-2,metal,XAU_EUR,f
10,XAU_AUD,Gold/AUD,0.01,-2,metal,XAU_AUD,f
11,EUR_DKK,EUR/DKK,0.0001,-4,forex,EUR_DKK,f
12,SOYBN_USD,Soybeans,0.01,-2,cfd,SOYBN_USD,f
13,CORN_USD,Corn,0.01,-2,cfd,CORN_USD,f
14,CHINAH_HKD,China H Shares,1,0,cfd,CHINAH_HKD,f
15,EUR_CZK,EUR/CZK,0.0001,-4,forex,EUR_CZK,f
16,SG30_SGD,Singapore 30,0.1,-1,cfd,SG30_SGD,f
17,SGD_CHF,SGD/CHF,0.0001,-4,forex,SGD_CHF,f
18,DE10YB_EUR,Bund,0.01,-2,cfd,DE10YB_EUR,f
19,NZD_CAD,NZD/CAD,0.0001,-4,forex,NZD_CAD,f
20,XAG_SGD,Silver/SGD,0.0001,-4,metal,XAG_SGD,f
21,JP225_USD,Japan 225,1,0,cfd,JP225_USD,f
22,XAG_CAD,Silver/CAD,0.0001,-4,metal,XAG_CAD,f
23,XAG_USD,Silver,0.0001,-4,metal,XAG_USD,f
24,NL25_EUR,Netherlands 25,0.01,-2,cfd,NL25_EUR,f
25,USD_HKD,USD/HKD,0.0001,-4,forex,USD_HKD,f
26,CH20_CHF,Switzerland 20,1,0,cfd,CH20_CHF,f
27,CAD_HKD,CAD/HKD,0.0001,-4,forex,CAD_HKD,f
28,XAG_CHF,Silver/CHF,0.0001,-4,metal,XAG_CHF,f
29,USD_CHF,USD/CHF,0.0001,-4,forex,USD_CHF,t
30,XAG_HKD,Silver/HKD,0.0001,-4,metal,XAG_HKD,f
31,AUD_HKD,AUD/HKD,0.0001,-4,forex,AUD_HKD,f
32,ESPIX_EUR,Spain 35,1,0,cfd,ESPIX_EUR,f
33,NZD_CHF,NZD/CHF,0.0001,-4,forex,NZD_CHF,f
34,AUD_CHF,AUD/CHF,0.0001,-4,forex,AUD_CHF,f
35,GBP_CHF,GBP/CHF,0.0001,-4,forex,GBP_CHF,f
36,USD_THB,USD/THB,0.01,-2,forex,USD_THB,f
37,XAU_JPY,Gold/JPY,10,1,metal,XAU_JPY,f
38,XAU_HKD,Gold/HKD,0.01,-2,metal,XAU_HKD,f
39,EUR_HKD,EUR/HKD,0.0001,-4,forex,EUR_HKD,f
40,GBP_HKD,GBP/HKD,0.0001,-4,forex,GBP_HKD,f
41,EUR_NZD,EUR/NZD,0.0001,-4,forex,EUR_NZD,f
42,XAG_AUD,Silver/AUD,0.0001,-4,metal,XAG_AUD,f
43,WTICO_USD,West Texas Oil,0.01,-2,cfd,WTICO_USD,f
44,XAG_NZD,Silver/NZD,0.0001,-4,metal,XAG_NZD,f
45,AUD_SGD,AUD/SGD,0.0001,-4,forex,AUD_SGD,f
46,EUR_JPY,EUR/JPY,0.01,-2,forex,EUR_JPY,t
47,EUR_TRY,EUR/TRY,0.0001,-4,forex,EUR_TRY,f
48,USD_JPY,USD/JPY,0.01,-2,forex,USD_JPY,t
49,BTC_USD,Bitcoin,1,0,cfd,BTC_USD,f
50,SGD_JPY,SGD/JPY,0.01,-2,forex,SGD_JPY,f
51,GBP_ZAR,GBP/ZAR,0.0001,-4,forex,GBP_ZAR,f
52,XAG_JPY,Silver/JPY,1,0,metal,XAG_JPY,f
53,ETH_USD,Ether,0.1,-1,cfd,ETH_USD,f
54,GBP_JPY,GBP/JPY,0.01,-2,forex,GBP_JPY,t
55,USD_TRY,USD/TRY,0.0001,-4,forex,USD_TRY,f
56,WHEAT_USD,Wheat,0.01,-2,cfd,WHEAT_USD,f
57,UK100_GBP,UK 100,1,0,cfd,UK100_GBP,f
58,GBP_CAD,GBP/CAD,0.0001,-4,forex,GBP_CAD,f
59,NZD_JPY,NZD/JPY,0.01,-2,forex,NZD_JPY,f
60,AUD_USD,AUD/USD,0.0001,-4,forex,AUD_USD,t
61,ZAR_JPY,ZAR/JPY,0.01,-2,forex,ZAR_JPY,f
62,USB02Y_USD,US 2Y T-Note,0.01,-2,cfd,USB02Y_USD,f
63,GBP_PLN,GBP/PLN,0.0001,-4,forex,GBP_PLN,f
64,SUGAR_USD,Sugar,0.0001,-4,cfd,SUGAR_USD,f
65,EUR_PLN,EUR/PLN,0.0001,-4,forex,EUR_PLN,f
66,AUD_CAD,AUD/CAD,0.0001,-4,forex,AUD_CAD,f
67,UK10YB_GBP,UK 10Y Gilt,0.01,-2,cfd,UK10YB_GBP,f
68,USB05Y_USD,US 5Y T-Note,0.01,-2,cfd,USB05Y_USD,f
69,GBP_USD,GBP/USD,0.0001,-4,forex,GBP_USD,t
70,USD_MXN,USD/MXN,0.0001,-4,forex,USD_MXN,f
71,XAU_CHF,Gold/CHF,0.01,-2,metal,XAU_CHF,f
72,GBP_NZD,GBP/NZD,0.0001,-4,forex,GBP_NZD,f
73,NZD_SGD,NZD/SGD,0.0001,-4,forex,NZD_SGD,f
74,CHF_JPY,CHF/JPY,0.01,-2,forex,CHF_JPY,f
75,TRY_JPY,TRY/JPY,0.01,-2,forex,TRY_JPY,f
76,NZD_HKD,NZD/HKD,0.0001,-4,forex,NZD_HKD,f
77,EUR_NOK,EUR/NOK,0.0001,-4,forex,EUR_NOK,f
78,USD_CAD,USD/CAD,0.0001,-4,forex,USD_CAD,t
79,EUR_AUD,EUR/AUD,0.0001,-4,forex,EUR_AUD,f
80,XAU_USD,Gold,0.01,-2,metal,XAU_USD,f
81,USD_SEK,USD/SEK,0.0001,-4,forex,USD_SEK,f
82,GBP_SGD,GBP/SGD,0.0001,-4,forex,GBP_SGD,f
83,US30_USD,US Wall St 30,1,0,cfd,US30_USD,f
84,USD_CZK,USD/CZK,0.0001,-4,forex,USD_CZK,f
85,CN50_USD,China A50,1,0,cfd,CN50_USD,f
86,XAU_NZD,Gold/NZD,0.01,-2,metal,XAU_NZD,f
87,CHF_HKD,CHF/HKD,0.0001,-4,forex,CHF_HKD,f
88,EUR_GBP,EUR/GBP,0.0001,-4,forex,EUR_GBP,t
89,XAG_GBP,Silver/GBP,0.0001,-4,metal,XAG_GBP,f
90,USD_CNH,USD/CNH,0.0001,-4,forex,USD_CNH,f
91,EUR_SGD,EUR/SGD,0.0001,-4,forex,EUR_SGD,f
92,JP225Y_JPY,Japan 225 (JPY),1,0,cfd,JP225Y_JPY,f
93,AUD_JPY,AUD/JPY,0.01,-2,forex,AUD_JPY,f
94,USD_HUF,USD/HUF,0.01,-2,forex,USD_HUF,f
95,EUR_CAD,EUR/CAD,0.0001,-4,forex,EUR_CAD,f
96,GBP_AUD,GBP/AUD,0.0001,-4,forex,GBP_AUD,f
97,USD_PLN,USD/PLN,0.0001,-4,forex,USD_PLN,f
98,XCU_USD,Copper,0.0001,-4,cfd,XCU_USD,f
99,EUR_ZAR,EUR/ZAR,0.0001,-4,forex,EUR_ZAR,f
100,NZD_USD,NZD/USD,0.0001,-4,forex,NZD_USD,t
101,USD_NOK,USD/NOK,0.0001,-4,forex,USD_NOK,f
102,NATGAS_USD,Natural Gas,0.01,-2,cfd,NATGAS_USD,f
103,DE30_EUR,Germany 30,1,0,cfd,DE30_EUR,f
104,CAD_SGD,CAD/SGD,0.0001,-4,forex,CAD_SGD,f
105,XAU_GBP,Gold/GBP,0.01,-2,metal,XAU_GBP,f
106,CAD_JPY,CAD/JPY,0.01,-2,forex,CAD_JPY,f
107,XAU_XAG,Gold/Silver,0.01,-2,metal,XAU_XAG,f
108,EU50_EUR,Europe 50,1,0,cfd,EU50_EUR,f
109,USB10Y_USD,US 10Y T-Note,0.01,-2,cfd,USB10Y_USD,f
110,USD_ZAR,USD/ZAR,0.0001,-4,forex,USD_ZAR,f
111,XAG_EUR,Silver/EUR,0.0001,-4,metal,XAG_EUR,f
112,HK33_HKD,Hong Kong 33,1,0,cfd,HK33_HKD,f
113,LTC_USD,Litecoin,0.1,-1,cfd,LTC_USD,f
114,AUD_NZD,AUD/NZD,0.0001,-4,forex,AUD_NZD,f
115,HKD_JPY,HKD/JPY,0.0001,-4,forex,HKD_JPY,f
116,US2000_USD,US Russ 2000,0.01,-2,cfd,US2000_USD,f
117,CAD_CHF,CAD/CHF,0.0001,-4,forex,CAD_CHF,f
118,BCO_USD,Brent Crude Oil,0.01,-2,cfd,BCO_USD,f
119,USB30Y_USD,US T-Bond,0.01,-2,cfd,USB30Y_USD,f
120,SPX500_USD,US SPX 500,1,0,cfd,SPX500_USD,f
121,XAU_SGD,Gold/SGD,0.01,-2,metal,XAU_SGD,f
122,FR40_EUR,France 40,1,0,cfd,FR40_EUR,f
123,XPD_USD,Palladium,0.01,-2,cfd,XPD_USD,f
124,USD_DKK,USD/DKK,0.0001,-4,forex,USD_DKK,f
125,CHF_ZAR,CHF/ZAR,0.0001,-4,forex,CHF_ZAR,f
126,EUR_CHF,EUR/CHF,0.0001,-4,forex,EUR_CHF,f
127,AU200_AUD,Australia 200,1,0,cfd,AU200_AUD,f
