id,event_key,timestamp,currency,impact,title,is_tier1,all_day,source,fetched_at
1,99e5aa66f9a3951dbbbd14f724128e51085df088,2023-12-12 13:30:00,USD,high,US CPI,t,f,fred_release,2026-06-07 16:04:29.494491
2,e1d5a5fbe0fc9d704ad9886a1a4aedce6c91b58b,2024-01-11 13:30:00,USD,high,US CPI,t,f,fred_release,2026-06-07 16:04:29.494491
3,97dfef2f4c6637026354a91cd8ce3326b9eafb97,2024-02-09 13:30:00,USD,high,US CPI,t,f,fred_release,2026-06-07 16:04:29.494491
4,081a263077de9255db5f1ad49707342c1c8029bc,2024-02-13 13:30:00,USD,high,US CPI,t,f,fred_release,2026-06-07 16:04:29.494491
5,6584d654c21190da425eb6ed043f6a6b89e36097,2024-03-12 12:30:00,USD,high,US CPI,t,f,fred_release,2026-06-07 16:04:29.494491
6,ec0b470b4166351c4e307938ecee4d2f8eea2dc9,2024-04-10 12:30:00,USD,high,US CPI,t,f,fred_release,2026-06-07 16:04:29.494491
7,175385f8bacaf248fc55aed0ddb721fcba4f32fc,2024-05-15 12:30:00,USD,high,US CPI,t,f,fred_release,2026-06-07 16:04:29.494491
8,021e0fce74872163d093367febd6e39a89828bdc,2024-06-12 12:30:00,USD,high,US CPI,t,f,fred_release,2026-06-07 16:04:29.494491
9,16c9a043443602b8243ae2b479b712392584f638,2024-07-11 12:30:00,USD,high,US CPI,t,f,fred_release,2026-06-07 16:04:29.494491
10,019463acd512fb77781b3bf3ac5fa411901a5050,2024-08-14 12:30:00,USD,high,US CPI,t,f,fred_release,2026-06-07 16:04:29.494491
11,f443330c4e6808c43b43a2576b845060309bae48,2024-09-11 12:30:00,USD,high,US CPI,t,f,fred_release,2026-06-07 16:04:29.494491
12,7e9782cb14673256bccb25d81c6cd91ece7cd221,2024-10-10 12:30:00,USD,high,US CPI,t,f,fred_release,2026-06-07 16:04:29.494491
13,b73df05e7a48451dba89727ec921aa475f87a970,2024-11-13 13:30:00,USD,high,US CPI,t,f,fred_release,2026-06-07 16:04:29.494491
14,325eb9e953f9ef06dac8978c2f01b43b52839764,2024-12-11 13:30:00,USD,high,US CPI,t,f,fred_release,2026-06-07 16:04:29.494491
15,7fa8bcfb841873b84a4c24b597b554e68258dd7b,2025-01-15 13:30:00,USD,high,US CPI,t,f,fred_release,2026-06-07 16:04:29.494491
16,8bb933c2d78fad8f4e3472bd18dde6c154fa3b0c,2025-02-12 13:30:00,USD,high,US CPI,t,f,fred_release,2026-06-07 16:04:29.494491
17,2412bceb20c474fbbefb283cb88cc1864970d6b6,2025-03-12 12:30:00,USD,high,US CPI,t,f,fred_release,2026-06-07 16:04:29.494491
18,be005b1ea0ebb9569552bc40c4e83a6e08cc3b58,2025-04-10 12:30:00,USD,high,US CPI,t,f,fred_release,2026-06-07 16:04:29.494491
19,7286b10ebdfb989ed356149299c328a351fbc972,2025-05-13 12:30:00,USD,high,US CPI,t,f,fred_release,2026-06-07 16:04:29.494491
20,7d861be2ae2f9cc14087893700e42f6558cd3146,2025-06-11 12:30:00,USD,high,US CPI,t,f,fred_release,2026-06-07 16:04:29.494491
21,9be73b01452a6f492c6bee6a11ac0758540b536a,2025-07-15 12:30:00,USD,high,US CPI,t,f,fred_release,2026-06-07 16:04:29.494491
22,3d0c73c40f01802f560b9df34d1549c0585c9d8a,2025-08-12 12:30:00,USD,high,US CPI,t,f,fred_release,2026-06-07 16:04:29.494491
23,db283c75e626c07e42d8e8a4c2dd23eb9d0d8ea8,2025-09-11 12:30:00,USD,high,US CPI,t,f,fred_release,2026-06-07 16:04:29.494491
24,348832de9cbb5587b1e3ec19884ea43c4ff5559e,2025-10-24 12:30:00,USD,high,US CPI,t,f,fred_release,2026-06-07 16:04:29.494491
25,566ec2a832d845830006a5e8453b4a974f5c4cb5,2025-12-18 13:30:00,USD,high,US CPI,t,f,fred_release,2026-06-07 16:04:29.494491
26,b163569c2bbcb5e53cff3c3780e5e61e098214a3,2026-01-13 13:30:00,USD,high,US CPI,t,f,fred_release,2026-06-07 16:04:29.494491
27,a87a2b277bf3c5a7936553c546204a344dc89f64,2026-02-13 13:30:00,USD,high,US CPI,t,f,fred_release,2026-06-07 16:04:29.494491
28,e8ead3d32e807ebd28a4b5396ab99b213465460c,2026-03-11 12:30:00,USD,high,US CPI,t,f,fred_release,2026-06-07 16:04:29.494491
29,6398a9f64c76d9b7d214f22b37dcb15a802e04d4,2026-04-10 12:30:00,USD,high,US CPI,t,f,fred_release,2026-06-07 16:04:29.494491
30,631b87fda56e1644c1dae1731995e3493221843f,2026-05-12 12:30:00,USD,high,US CPI,t,f,fred_release,2026-06-07 16:04:29.494491
31,4956af79bc7bd0ddbb78f9e9b41dd132b795534c,2026-06-10 12:30:00,USD,high,US CPI,t,f,fred_release,2026-06-07 16:04:29.494491
32,d3d74230d15e06ab1669d0377adc81f070bd8f26,2023-12-08 13:30:00,USD,high,US Non-Farm Payrolls,t,f,fred_release,2026-06-04 13:20:23.863756
33,a73b584da56c2798390d3507fa2cdaf90f409119,2024-01-05 13:30:00,USD,high,US Non-Farm Payrolls,t,f,fred_release,2026-06-07 16:04:29.494491
34,573e5574adaafe99db67c881e88b42ca00e3e7bc,2024-01-10 13:30:00,USD,high,US Non-Farm Payrolls,t,f,fred_release,2026-06-07 16:04:29.494491
35,0e1901b9542f2ed6ef7ebe0bdea22674c434f763,2024-02-02 13:30:00,USD,high,US Non-Farm Payrolls,t,f,fred_release,2026-06-07 16:04:29.494491
36,9251f91752067e0c7d2f8eee91b4f2b5e06c1e7e,2024-03-08 13:30:00,USD,high,US Non-Farm Payrolls,t,f,fred_release,2026-06-07 16:04:29.494491
37,b0bee1aae6211b3439348da2b30ea320b2373666,2024-04-05 12:30:00,USD,high,US Non-Farm Payrolls,t,f,fred_release,2026-06-07 16:04:29.494491
38,f190df87d4f8a4158bce999af2b3f1e359c9f569,2024-05-03 12:30:00,USD,high,US Non-Farm Payrolls,t,f,fred_release,2026-06-07 16:04:29.494491
39,22696e83133fbb2af7cb3c38099c418976cd7820,2024-06-07 12:30:00,USD,high,US Non-Farm Payrolls,t,f,fred_release,2026-06-07 16:04:29.494491
40,b679c9ffbca085a69134fdf282bdc65d2f9c30a6,2024-07-05 12:30:00,USD,high,US Non-Farm Payrolls,t,f,fred_release,2026-06-07 16:04:29.494491
41,2b8291d800c0da01fa866ce8aa36e80997ab130b,2024-08-02 12:30:00,USD,high,US Non-Farm Payrolls,t,f,fred_release,2026-06-07 16:04:29.494491
42,7afd617dcb2f4e6bbaa11a9bea9bd6cbedc41d6c,2024-08-21 12:30:00,USD,high,US Non-Farm Payrolls,t,f,fred_release,2026-06-07 16:04:29.494491
43,b8b64fdda0dd2cf5807b2f459b5131933fd46822,2024-09-06 12:30:00,USD,high,US Non-Farm Payrolls,t,f,fred_release,2026-06-07 16:04:29.494491
44,0e1bb76b2a091734b1fdaba0270ffa1e34e4f8bf,2024-10-04 12:30:00,USD,high,US Non-Farm Payrolls,t,f,fred_release,2026-06-07 16:04:29.494491
45,ad3139c6ee6a32466a117f6e607195b5959dbf67,2024-11-01 12:30:00,USD,high,US Non-Farm Payrolls,t,f,fred_release,2026-06-07 16:04:29.494491
46,72e1be65eede3be84da3e1ed304e3ffe443a99b2,2024-12-06 13:30:00,USD,high,US Non-Farm Payrolls,t,f,fred_release,2026-06-07 16:04:29.494491
47,0f9000e88b9d6d56d964354f75e91abd188a7b84,2025-01-10 13:30:00,USD,high,US Non-Farm Payrolls,t,f,fred_release,2026-06-07 16:04:29.494491
48,37874b16e8c0cc2b0b24e684b15ed549858ee6d1,2025-02-07 13:30:00,USD,high,US Non-Farm Payrolls,t,f,fred_release,2026-06-07 16:04:29.494491
49,3dfcda73871fb9eda5a16222c69dceced5f9a0d1,2025-03-07 13:30:00,USD,high,US Non-Farm Payrolls,t,f,fred_release,2026-06-07 16:04:29.494491
50,84add488bbb8a374db722cead62a4a8fb64ae6fe,2025-04-04 12:30:00,USD,high,US Non-Farm Payrolls,t,f,fred_release,2026-06-07 16:04:29.494491
51,e7429427e563b91203171c76ba6b07e0f18c19ba,2025-05-02 12:30:00,USD,high,US Non-Farm Payrolls,t,f,fred_release,2026-06-07 16:04:29.494491
52,a635b0d548c6a36aed8f5cc474be771ca30c9971,2025-06-06 12:30:00,USD,high,US Non-Farm Payrolls,t,f,fred_release,2026-06-07 16:04:29.494491
53,4940d82052f9e32c458a3e5bca5592b479b46c01,2025-07-03 12:30:00,USD,high,US Non-Farm Payrolls,t,f,fred_release,2026-06-07 16:04:29.494491
54,cd31244d1cedf2d271f92b97961c1b02ff9dfb60,2025-08-01 12:30:00,USD,high,US Non-Farm Payrolls,t,f,fred_release,2026-06-07 16:04:29.494491
55,ffd2683a7bf9ea0ddfe7804da481446c0eb13d5e,2025-09-05 12:30:00,USD,high,US Non-Farm Payrolls,t,f,fred_release,2026-06-07 16:04:29.494491
56,ceffd240a8d158271bc572a6dd88e9e47bb6df10,2025-11-20 13:30:00,USD,high,US Non-Farm Payrolls,t,f,fred_release,2026-06-07 16:04:29.494491
57,6f90465eeeb88851a9fb02c6efabe0a4f25f7792,2025-12-16 13:30:00,USD,high,US Non-Farm Payrolls,t,f,fred_release,2026-06-07 16:04:29.494491
58,bd00bd0c89e03a2e2335324d42c244ad9f2533c5,2026-01-09 13:30:00,USD,high,US Non-Farm Payrolls,t,f,fred_release,2026-06-07 16:04:29.494491
59,ff6ace29ec3b350f42d270cab80cff7aec1d8dd4,2026-02-11 13:30:00,USD,high,US Non-Farm Payrolls,t,f,fred_release,2026-06-07 16:04:29.494491
60,09d339ca5062df91fbd0d27f624ee80f367d9385,2026-03-06 13:30:00,USD,high,US Non-Farm Payrolls,t,f,fred_release,2026-06-07 16:04:29.494491
61,686e0e090da957195fec72eafb05072004e0861c,2026-04-03 12:30:00,USD,high,US Non-Farm Payrolls,t,f,fred_release,2026-06-07 16:04:29.494491
62,ba6dbfd4fac36e0c3579a00a803c7cc1a512697e,2026-05-08 12:30:00,USD,high,US Non-Farm Payrolls,t,f,fred_release,2026-06-07 16:04:29.494491
63,5bbaa82b13201991c3071122cb366409dbd4fbdb,2026-06-05 12:30:00,USD,high,US Non-Farm Payrolls,t,f,fred_release,2026-06-07 16:04:29.494491
64,9ed1679f860d022136e1d9e22998d34aae2fa1b7,2024-01-31 19:00:00,USD,high,FOMC Rate Decision,t,f,cb_spine,2026-06-07 16:04:29.494491
65,6f3828862d2ae4f4f67706d0d0188678b488f0e3,2024-03-20 18:00:00,USD,high,FOMC Rate Decision,t,f,cb_spine,2026-06-07 16:04:29.494491
66,c1dfa621d9ddb94ef09206b82d98b21f4320afd1,2024-05-01 18:00:00,USD,high,FOMC Rate Decision,t,f,cb_spine,2026-06-07 16:04:29.494491
67,470bb2a40e16dcb0a424cd36faef839891ffb832,2024-06-12 18:00:00,USD,high,FOMC Rate Decision,t,f,cb_spine,2026-06-07 16:04:29.494491
68,164de0b01edba90f42a4da9ac96236d0e839603a,2024-07-31 18:00:00,USD,high,FOMC Rate Decision,t,f,cb_spine,2026-06-07 16:04:29.494491
69,abe3e07ded0595b9e3914d1640c54a8cc1162134,2024-09-18 18:00:00,USD,high,FOMC Rate Decision,t,f,cb_spine,2026-06-07 16:04:29.494491
70,7875efa7afe249aa5bb461e8b20e345ed96cc701,2024-11-07 19:00:00,USD,high,FOMC Rate Decision,t,f,cb_spine,2026-06-07 16:04:29.494491
71,e20eabd8b9ea251306fbc43e345fe0ce7e2b3547,2024-12-18 19:00:00,USD,high,FOMC Rate Decision,t,f,cb_spine,2026-06-07 16:04:29.494491
72,5248d0ed0bc0a1e4ad44f859f6948d3630b66eeb,2025-01-29 19:00:00,USD,high,FOMC Rate Decision,t,f,cb_spine,2026-06-07 16:04:29.494491
73,faa26a376a4ec56bd52952d941886fbc79396277,2025-03-19 18:00:00,USD,high,FOMC Rate Decision,t,f,cb_spine,2026-06-07 16:04:29.494491
74,3e3fb024bc4b7450918f8c2d26bd2c20e990220a,2025-05-07 18:00:00,USD,high,FOMC Rate Decision,t,f,cb_spine,2026-06-07 16:04:29.494491
75,d0c029f68efff1b86d542d0e1dc14a9aa641b9fc,2025-06-18 18:00:00,USD,high,FOMC Rate Decision,t,f,cb_spine,2026-06-07 16:04:29.494491
76,33b38154946558871f3436498f5b0c9854508fc5,2025-07-30 18:00:00,USD,high,FOMC Rate Decision,t,f,cb_spine,2026-06-07 16:04:29.494491
77,639e1f051f2396d236c949ef75b0bfc67f4cbe22,2025-09-17 18:00:00,USD,high,FOMC Rate Decision,t,f,cb_spine,2026-06-07 16:04:29.494491
78,0e99de7d87813c4aa6c9359aa60a6d60e5c2459d,2025-10-29 18:00:00,USD,high,FOMC Rate Decision,t,f,cb_spine,2026-06-07 16:04:29.494491
79,58218525aca6b1d182798ff54f4e4d7aa35f8e1d,2025-12-10 19:00:00,USD,high,FOMC Rate Decision,t,f,cb_spine,2026-06-07 16:04:29.494491
80,afe708835a76de4b0671eed079e5ccc2e6a3f236,2026-01-28 19:00:00,USD,high,FOMC Rate Decision,t,f,cb_spine,2026-06-07 16:04:29.494491
81,91ed8408fe0b9614b22638630aa3cbc5d6aa8344,2026-03-18 18:00:00,USD,high,FOMC Rate Decision,t,f,cb_spine,2026-06-07 16:04:29.494491
82,0b8070dd092fb868bd69b0b86c553b3392e5806e,2026-04-29 18:00:00,USD,high,FOMC Rate Decision,t,f,cb_spine,2026-06-07 16:04:29.494491
83,75f44449a13309abaf6617a69f5f12d998792b02,2026-06-17 18:00:00,USD,high,FOMC Rate Decision,t,f,cb_spine,2026-06-07 16:04:29.494491
249,6b44838bd36bf0adcffe1eb3a3e57ffcc7cbe767,2024-01-25 13:15:00,EUR,high,ECB Rate Decision,t,f,cb_spine,2026-06-07 16:04:29.494491
250,da816ebd5de0ed65618810da87f22cfeb13b9a4d,2024-03-07 13:15:00,EUR,high,ECB Rate Decision,t,f,cb_spine,2026-06-07 16:04:29.494491
251,325dae786e3ef90ee3951eb7eee7409c4b9e6246,2024-04-11 12:15:00,EUR,high,ECB Rate Decision,t,f,cb_spine,2026-06-07 16:04:29.494491
252,fce248ba81ca66de508c9666bbd9571b44fb2438,2024-06-06 12:15:00,EUR,high,ECB Rate Decision,t,f,cb_spine,2026-06-07 16:04:29.494491
253,660307f51ca8d3eb28851cb5a3fd3827e9889dd2,2024-07-18 12:15:00,EUR,high,ECB Rate Decision,t,f,cb_spine,2026-06-07 16:04:29.494491
254,a62d87e76dd59cd8c6280588099fc9db4ba90c6a,2024-09-12 12:15:00,EUR,high,ECB Rate Decision,t,f,cb_spine,2026-06-07 16:04:29.494491
255,2a816e8f0488ab20da8055e165b520347c943d17,2024-10-17 12:15:00,EUR,high,ECB Rate Decision,t,f,cb_spine,2026-06-07 16:04:29.494491
256,928d344c89ffea6f4cac57914022b081c82ec6f4,2024-12-12 13:15:00,EUR,high,ECB Rate Decision,t,f,cb_spine,2026-06-07 16:04:29.494491
257,9ae3a5e919ef88c4c20510fa2359c5676d75d071,2025-01-30 13:15:00,EUR,high,ECB Rate Decision,t,f,cb_spine,2026-06-07 16:04:29.494491
258,8cede968359b5255262080454052156c15773052,2025-03-06 13:15:00,EUR,high,ECB Rate Decision,t,f,cb_spine,2026-06-07 16:04:29.494491
259,2ba8cfb6c903eb60c199b8391f9f664289f1b570,2025-04-17 12:15:00,EUR,high,ECB Rate Decision,t,f,cb_spine,2026-06-07 16:04:29.494491
260,7597509420ceb16fbc32db3192182a724352fec4,2025-06-05 12:15:00,EUR,high,ECB Rate Decision,t,f,cb_spine,2026-06-07 16:04:29.494491
261,ba3acd23024f8458f22ae1e2482c2205e8377799,2025-07-24 12:15:00,EUR,high,ECB Rate Decision,t,f,cb_spine,2026-06-07 16:04:29.494491
262,9260e2a387315784332032e5b48930972f47e70d,2025-09-11 12:15:00,EUR,high,ECB Rate Decision,t,f,cb_spine,2026-06-07 16:04:29.494491
263,3ea5b69013a686865bafa8b498f15715fe8904d2,2025-10-30 13:15:00,EUR,high,ECB Rate Decision,t,f,cb_spine,2026-06-07 16:04:29.494491
264,5d11f9e66a94a25398895fff03c6e58d724ffa4d,2025-12-18 13:15:00,EUR,high,ECB Rate Decision,t,f,cb_spine,2026-06-07 16:04:29.494491
265,b2143d4e55704c69c9b18d6db510a7df98047dfb,2026-02-05 13:15:00,EUR,high,ECB Rate Decision,t,f,cb_spine,2026-06-07 16:04:29.494491
266,942c6d3b0832d9a3386a59401262c55b4f5ba058,2026-03-19 13:15:00,EUR,high,ECB Rate Decision,t,f,cb_spine,2026-06-07 16:04:29.494491
267,842c4beb1e56132d9921879ff385597f5fb2923c,2026-04-30 12:15:00,EUR,high,ECB Rate Decision,t,f,cb_spine,2026-06-07 16:04:29.494491
268,e45a0f9d52f42ab3a6c1dde782b9c01991402ea8,2026-06-18 12:15:00,EUR,high,ECB Rate Decision,t,f,cb_spine,2026-06-07 16:04:29.494491
269,03d9d1404416d82d40e3572876ee7e1f20860a53,2024-02-01 12:00:00,GBP,high,BoE Rate Decision,t,f,cb_spine,2026-06-07 16:04:29.494491
270,0a870ae4ccb3cbdb7fe881aa8047008d937eac4d,2024-03-21 12:00:00,GBP,high,BoE Rate Decision,t,f,cb_spine,2026-06-07 16:04:29.494491
271,7eb15f9c2dd19d5fd7604e033e4b09fe8939adb2,2024-05-09 11:00:00,GBP,high,BoE Rate Decision,t,f,cb_spine,2026-06-07 16:04:29.494491
272,5457add8ea3b413a4fc0637bfc8f54ed8db27846,2024-06-20 11:00:00,GBP,high,BoE Rate Decision,t,f,cb_spine,2026-06-07 16:04:29.494491
273,81ecc72d5df91e9e8ae408c96482be28602da850,2024-08-01 11:00:00,GBP,high,BoE Rate Decision,t,f,cb_spine,2026-06-07 16:04:29.494491
274,991f3f66bf416edf2ae30ab47d5d5fb2412c1ba4,2024-09-19 11:00:00,GBP,high,BoE Rate Decision,t,f,cb_spine,2026-06-07 16:04:29.494491
275,51fb271353af2059f5776f3502920b0080cd4dfa,2024-11-07 12:00:00,GBP,high,BoE Rate Decision,t,f,cb_spine,2026-06-07 16:04:29.494491
276,bb44a01539543413f845071c75169c4752cc4218,2024-12-19 12:00:00,GBP,high,BoE Rate Decision,t,f,cb_spine,2026-06-07 16:04:29.494491
277,d8421fa698ddf5a9f80af783f39efbe09933d2d9,2025-02-06 12:00:00,GBP,high,BoE Rate Decision,t,f,cb_spine,2026-06-07 16:04:29.494491
278,1dd13094e0c5d99d157f5640219a688249cf00fa,2025-03-20 12:00:00,GBP,high,BoE Rate Decision,t,f,cb_spine,2026-06-07 16:04:29.494491
279,682468761df702141aa3d1e39398b41fc6abcc2b,2025-05-08 11:00:00,GBP,high,BoE Rate Decision,t,f,cb_spine,2026-06-07 16:04:29.494491
280,0dd8bd2bd79a9e0cf8742573a4934ab2eec78d83,2025-06-19 11:00:00,GBP,high,BoE Rate Decision,t,f,cb_spine,2026-06-07 16:04:29.494491
281,cf835175972ff98495aab72433540ee935674766,2025-08-07 11:00:00,GBP,high,BoE Rate Decision,t,f,cb_spine,2026-06-07 16:04:29.494491
282,8048df3ea4bc71915aa0d51c199079c80580b562,2025-09-18 11:00:00,GBP,high,BoE Rate Decision,t,f,cb_spine,2026-06-07 16:04:29.494491
283,7025835ebb30abe0e8950d9ace316d5239ed3317,2025-11-06 12:00:00,GBP,high,BoE Rate Decision,t,f,cb_spine,2026-06-07 16:04:29.494491
284,609bc02f81fbe908acf52ef599010a496c85f8cd,2025-12-18 12:00:00,GBP,high,BoE Rate Decision,t,f,cb_spine,2026-06-07 16:04:29.494491
285,6d2ac329a404f35b718af8eb752b109484912e37,2026-02-05 12:00:00,GBP,high,BoE Rate Decision,t,f,cb_spine,2026-06-07 16:04:29.494491
286,7220cde21b6c4bf7cc6b00358167b166204fc456,2026-03-19 12:00:00,GBP,high,BoE Rate Decision,t,f,cb_spine,2026-06-07 16:04:29.494491
287,875b062fec0367d5745229bc2113e9f4d58ce62f,2026-05-07 11:00:00,GBP,high,BoE Rate Decision,t,f,cb_spine,2026-06-07 16:04:29.494491
288,dcc5ea533ad60ae3b43336c2507869d55ef5130d,2026-06-18 11:00:00,GBP,high,BoE Rate Decision,t,f,cb_spine,2026-06-07 16:04:29.494491
289,9ffd6a89ace057d6bc16f9a9a22b4c914f3be457,2024-01-23 00:00:00,JPY,high,BoJ Rate Decision,t,t,cb_spine,2026-06-07 16:04:29.494491
290,9ae022edc1da817aa8c846caac80e7c895eb5c18,2024-03-19 00:00:00,JPY,high,BoJ Rate Decision,t,t,cb_spine,2026-06-07 16:04:29.494491
291,001e575c9945caca78ca48e9c8f0a11982b118eb,2024-04-26 00:00:00,JPY,high,BoJ Rate Decision,t,t,cb_spine,2026-06-07 16:04:29.494491
292,0e46378d1f892146443f05ba8545001a6db4d09b,2024-06-14 00:00:00,JPY,high,BoJ Rate Decision,t,t,cb_spine,2026-06-07 16:04:29.494491
293,d9276e45d152b8713245320525d6813f00456145,2024-07-31 00:00:00,JPY,high,BoJ Rate Decision,t,t,cb_spine,2026-06-07 16:04:29.494491
294,40ec5578ef9235f1fdaf3e1b86c5ba5234ccde29,2024-09-20 00:00:00,JPY,high,BoJ Rate Decision,t,t,cb_spine,2026-06-07 16:04:29.494491
295,a1c7a101886ffa0ba29bb9bec75762b2eac2146d,2024-10-31 00:00:00,JPY,high,BoJ Rate Decision,t,t,cb_spine,2026-06-07 16:04:29.494491
296,e0ebde2243d783e3c0ede75c5c6a02ade598342d,2024-12-19 00:00:00,JPY,high,BoJ Rate Decision,t,t,cb_spine,2026-06-07 16:04:29.494491
297,d017b37adc9143ae87805a020a73c4a03e3487b2,2025-01-24 00:00:00,JPY,high,BoJ Rate Decision,t,t,cb_spine,2026-06-07 16:04:29.494491
298,abab39544e40984ee03a4bb565a40e11c92aef20,2025-03-19 00:00:00,JPY,high,BoJ Rate Decision,t,t,cb_spine,2026-06-07 16:04:29.494491
299,9013f0726d776256a347f9ed31986be1a8deefa0,2025-05-01 00:00:00,JPY,high,BoJ Rate Decision,t,t,cb_spine,2026-06-07 16:04:29.494491
300,ff32f6c503de1f3f914a5b26acc07c61a6924bdb,2025-06-17 00:00:00,JPY,high,BoJ Rate Decision,t,t,cb_spine,2026-06-07 16:04:29.494491
301,27bb3b04067c81a6fcbf2104863756842a7353e7,2025-07-31 00:00:00,JPY,high,BoJ Rate Decision,t,t,cb_spine,2026-06-07 16:04:29.494491
302,f16de7a8314f8e2a6c7ca507d4544148f472c343,2025-09-19 00:00:00,JPY,high,BoJ Rate Decision,t,t,cb_spine,2026-06-07 16:04:29.494491
303,70f876f2b1827718f4f8e1334cc9f6204e6052a4,2025-10-30 00:00:00,JPY,high,BoJ Rate Decision,t,t,cb_spine,2026-06-07 16:04:29.494491
304,545410046f35fd38f047073693661e6e9dd2ba2b,2025-12-19 00:00:00,JPY,high,BoJ Rate Decision,t,t,cb_spine,2026-06-07 16:04:29.494491
305,c0cf9266d5003b6d52649b259e57de1d1f92f7e0,2026-01-23 00:00:00,JPY,high,BoJ Rate Decision,t,t,cb_spine,2026-06-07 16:04:29.494491
306,d62d57047103dbaf8e31761a49064edf47fb94fb,2026-03-19 00:00:00,JPY,high,BoJ Rate Decision,t,t,cb_spine,2026-06-07 16:04:29.494491
307,c45fbc5249a66d1532c93c630451753ad863b798,2026-04-30 00:00:00,JPY,high,BoJ Rate Decision,t,t,cb_spine,2026-06-07 16:04:29.494491
308,4f490a6a0831110a1f83983cc2c334cf622535fc,2026-06-16 00:00:00,JPY,high,BoJ Rate Decision,t,t,cb_spine,2026-06-07 16:04:29.494491
309,7c713c8fd47ef688923cd9f6e6cc9dfe25d07f5f,2024-02-06 03:30:00,AUD,high,RBA Rate Decision,t,f,cb_spine,2026-06-07 16:04:29.494491
310,3086b4b0142b13905d6ec60459582198b81ab743,2024-03-19 03:30:00,AUD,high,RBA Rate Decision,t,f,cb_spine,2026-06-07 16:04:29.494491
311,0d3fc6acbdc4b45952ae7deb27a9b94e5ddda1f1,2024-05-07 04:30:00,AUD,high,RBA Rate Decision,t,f,cb_spine,2026-06-07 16:04:29.494491
312,956aaaaf3c34e07ad2cd8314f5ab6fd5c5bd5ac1,2024-06-18 04:30:00,AUD,high,RBA Rate Decision,t,f,cb_spine,2026-06-07 16:04:29.494491
313,8e4060877466aeee028480dd702cfd64fff60d99,2024-08-06 04:30:00,AUD,high,RBA Rate Decision,t,f,cb_spine,2026-06-07 16:04:29.494491
314,a010d48391d99df4c71832cebf5a05bc905123f1,2024-09-24 04:30:00,AUD,high,RBA Rate Decision,t,f,cb_spine,2026-06-07 16:04:29.494491
315,868d385a037d91e0d1f1bf6a027e0616ede29e81,2024-11-05 03:30:00,AUD,high,RBA Rate Decision,t,f,cb_spine,2026-06-07 16:04:29.494491
316,b43812290f55b422e4499dfa72431e6dca045389,2024-12-10 03:30:00,AUD,high,RBA Rate Decision,t,f,cb_spine,2026-06-07 16:04:29.494491
317,f6ee6893c945034626092e5e1efcf05e58fcaaeb,2025-02-18 03:30:00,AUD,high,RBA Rate Decision,t,f,cb_spine,2026-06-07 16:04:29.494491
318,a72d7aedab2c130a23bc804cefef7595f2520968,2025-04-01 03:30:00,AUD,high,RBA Rate Decision,t,f,cb_spine,2026-06-07 16:04:29.494491
319,c836701f095c324b69469579836dee93e4bcd73a,2025-05-20 04:30:00,AUD,high,RBA Rate Decision,t,f,cb_spine,2026-06-07 16:04:29.494491
320,4d6a7b5a38630c2d59b9e85425aacb06108729b3,2025-07-08 04:30:00,AUD,high,RBA Rate Decision,t,f,cb_spine,2026-06-07 16:04:29.494491
321,ec42c77593cf51dc63ea8d256744134c2d09714b,2025-08-12 04:30:00,AUD,high,RBA Rate Decision,t,f,cb_spine,2026-06-07 16:04:29.494491
322,c921ec0991e3ed9f8c32d364d13799f425f7745f,2025-09-30 04:30:00,AUD,high,RBA Rate Decision,t,f,cb_spine,2026-06-07 16:04:29.494491
323,1542077c52d35cee0abe2285caa1fe4ee0a27ddf,2025-11-04 03:30:00,AUD,high,RBA Rate Decision,t,f,cb_spine,2026-06-07 16:04:29.494491
324,64e0dba253da713408b7eedf3307c553fda2875a,2025-12-09 03:30:00,AUD,high,RBA Rate Decision,t,f,cb_spine,2026-06-07 16:04:29.494491
325,da77c1a9139fd7c026a2c826ef767b9ac2c4e5c7,2026-02-03 03:30:00,AUD,high,RBA Rate Decision,t,f,cb_spine,2026-06-07 16:04:29.494491
326,80c15a2efdb483a574e1c2ed04c6ae4e4f38979c,2026-03-17 03:30:00,AUD,high,RBA Rate Decision,t,f,cb_spine,2026-06-07 16:04:29.494491
327,33f639ac153f41f6430d76a81dcc4b6c4c1035f2,2026-05-05 04:30:00,AUD,high,RBA Rate Decision,t,f,cb_spine,2026-06-07 16:04:29.494491
328,fa8971dc785d18ab232805e6966072119908b556,2026-06-16 04:30:00,AUD,high,RBA Rate Decision,t,f,cb_spine,2026-06-07 16:04:29.494491
329,d45c441984344154e1ca1f0523583af17a600a80,2024-02-28 01:00:00,NZD,high,RBNZ Rate Decision,t,f,cb_spine,2026-06-07 16:04:29.494491
330,5518f5c658e0732abe870940f6c739ea9fbcc61f,2024-04-10 02:00:00,NZD,high,RBNZ Rate Decision,t,f,cb_spine,2026-06-07 16:04:29.494491
331,4660d499049b15f8570ee5b3bcda15d6017fce86,2024-05-22 02:00:00,NZD,high,RBNZ Rate Decision,t,f,cb_spine,2026-06-07 16:04:29.494491
332,baa31a39e93060b9b9c90ee0fe016e720a1b7f90,2024-07-10 02:00:00,NZD,high,RBNZ Rate Decision,t,f,cb_spine,2026-06-07 16:04:29.494491
333,02f73ab4e576660ce39c7181deedc231a6a81afa,2024-08-14 02:00:00,NZD,high,RBNZ Rate Decision,t,f,cb_spine,2026-06-07 16:04:29.494491
334,c647ce49378e48544b7f3b4d730e48ce287e1174,2024-10-09 01:00:00,NZD,high,RBNZ Rate Decision,t,f,cb_spine,2026-06-07 16:04:29.494491
335,cd5b4a59ada673d39cebb24b156a4cd2f1d01bb2,2024-11-27 01:00:00,NZD,high,RBNZ Rate Decision,t,f,cb_spine,2026-06-07 16:04:29.494491
336,2be56ab6b0e6febac675ef26da4f2d5ce7e27f38,2025-02-19 01:00:00,NZD,high,RBNZ Rate Decision,t,f,cb_spine,2026-06-07 16:04:29.494491
337,6d24aaf4f4dfff10ae5655f2c786319daf5a4ffe,2025-04-09 02:00:00,NZD,high,RBNZ Rate Decision,t,f,cb_spine,2026-06-07 16:04:29.494491
338,a8f83333b113140813f457d565b0226b6296a3b2,2025-05-28 02:00:00,NZD,high,RBNZ Rate Decision,t,f,cb_spine,2026-06-07 16:04:29.494491
339,4eddc16a6dd0f397d02b1662c78a0b4e37a838db,2025-07-09 02:00:00,NZD,high,RBNZ Rate Decision,t,f,cb_spine,2026-06-07 16:04:29.494491
340,dfb35dfc7c465cf097d4d99bec3cd136b4e77141,2025-08-20 02:00:00,NZD,high,RBNZ Rate Decision,t,f,cb_spine,2026-06-07 16:04:29.494491
341,bbfe241e7e03c6e48479847dff0eac6f50eb85a2,2025-10-08 01:00:00,NZD,high,RBNZ Rate Decision,t,f,cb_spine,2026-06-07 16:04:29.494491
342,d9acfe44ea383ee25ea2cc5d88b83330dd2ed26e,2025-11-26 01:00:00,NZD,high,RBNZ Rate Decision,t,f,cb_spine,2026-06-07 16:04:29.494491
343,75fa4959b597cc70c4261d139b7e10a64913f17a,2026-02-25 01:00:00,NZD,high,RBNZ Rate Decision,t,f,cb_spine,2026-06-07 16:04:29.494491
344,8cb443a7a0318adcb78c69849e2179671239b807,2026-04-15 02:00:00,NZD,high,RBNZ Rate Decision,t,f,cb_spine,2026-06-07 16:04:29.494491
345,9385a7dbffd6bf5c14d032bdc2ddc65b177da1ae,2026-05-27 02:00:00,NZD,high,RBNZ Rate Decision,t,f,cb_spine,2026-06-07 16:04:29.494491
346,c2eeb600d96ae125941fc01f2936f7d6960db550,2024-01-24 14:45:00,CAD,high,BoC Rate Decision,t,f,cb_spine,2026-06-07 16:04:29.494491
347,b37f39d0737a51e9b16a1f1e425b2f1a93f170b6,2024-03-06 14:45:00,CAD,high,BoC Rate Decision,t,f,cb_spine,2026-06-07 16:04:29.494491
348,7ee01c87ea5af0e1a21c3a3d5501e47e18c4b594,2024-04-10 13:45:00,CAD,high,BoC Rate Decision,t,f,cb_spine,2026-06-07 16:04:29.494491
349,7c76b6563671031d9afd3828a08f94897f43fab1,2024-06-05 13:45:00,CAD,high,BoC Rate Decision,t,f,cb_spine,2026-06-07 16:04:29.494491
350,bee62f529e25e2f9aa1019bf1213a303c1dd41bd,2024-07-24 13:45:00,CAD,high,BoC Rate Decision,t,f,cb_spine,2026-06-07 16:04:29.494491
351,bbfa2c5b5f53ce21f582e26f0029750919ada31a,2024-09-04 13:45:00,CAD,high,BoC Rate Decision,t,f,cb_spine,2026-06-07 16:04:29.494491
352,82ef33c0f4821f5ddc740531d188d0e4f196ae3e,2024-10-23 13:45:00,CAD,high,BoC Rate Decision,t,f,cb_spine,2026-06-07 16:04:29.494491
353,1780a6e4bde66dd7e0d1553c3bd45c60a4e397d6,2024-12-11 14:45:00,CAD,high,BoC Rate Decision,t,f,cb_spine,2026-06-07 16:04:29.494491
354,74e149e230754e1099a5de6a5842b8b21715f36b,2025-01-29 14:45:00,CAD,high,BoC Rate Decision,t,f,cb_spine,2026-06-07 16:04:29.494491
355,77525595897730d778a14527894859896fb3e761,2025-03-12 13:45:00,CAD,high,BoC Rate Decision,t,f,cb_spine,2026-06-07 16:04:29.494491
356,96aeb11d75ca9a49aa57572e5f929717828148aa,2025-04-16 13:45:00,CAD,high,BoC Rate Decision,t,f,cb_spine,2026-06-07 16:04:29.494491
357,9f3a96fe6d29f9d938dd7586c3062d2c65e0c6c7,2025-06-04 13:45:00,CAD,high,BoC Rate Decision,t,f,cb_spine,2026-06-07 16:04:29.494491
358,772b96f5f3996515f40494f8b245ce4647068b35,2025-07-30 13:45:00,CAD,high,BoC Rate Decision,t,f,cb_spine,2026-06-07 16:04:29.494491
359,3163cc2f0f39b4a942e3ac7513e77f938305e299,2025-09-17 13:45:00,CAD,high,BoC Rate Decision,t,f,cb_spine,2026-06-07 16:04:29.494491
360,fcb7c054cac378850ef003c3fd8136b592076318,2025-10-29 13:45:00,CAD,high,BoC Rate Decision,t,f,cb_spine,2026-06-07 16:04:29.494491
361,93bac8bf68060df0fdc4fd1730131662c42f5d8c,2025-12-10 14:45:00,CAD,high,BoC Rate Decision,t,f,cb_spine,2026-06-07 16:04:29.494491
362,48b0b85333cc75174f7d9daf7109002ad9c000cb,2026-01-28 14:45:00,CAD,high,BoC Rate Decision,t,f,cb_spine,2026-06-07 16:04:29.494491
363,f467aa6f4ec0597375a4fcfd489f97596b7384b2,2026-03-18 13:45:00,CAD,high,BoC Rate Decision,t,f,cb_spine,2026-06-07 16:04:29.494491
364,c54a8f6e586ed2ee9b90c40843d5698e4d6b19b0,2026-04-29 13:45:00,CAD,high,BoC Rate Decision,t,f,cb_spine,2026-06-07 16:04:29.494491
365,264651e117c414f19b10bcf6d920aa7dd1195b38,2026-06-10 13:45:00,CAD,high,BoC Rate Decision,t,f,cb_spine,2026-06-07 16:04:29.494491
366,b23557651d27aef55fe06bda3387ec2976fc2742,2024-03-21 08:30:00,CHF,high,SNB Rate Decision,t,f,cb_spine,2026-06-07 16:04:29.494491
367,5f2edf43ab560373bfc9c04c475252323d8b539d,2024-06-20 07:30:00,CHF,high,SNB Rate Decision,t,f,cb_spine,2026-06-07 16:04:29.494491
368,1e4f0d5e060c4cc3e6897e3b0f7f0376d714deb1,2024-09-26 07:30:00,CHF,high,SNB Rate Decision,t,f,cb_spine,2026-06-07 16:04:29.494491
369,74ff4a6f28ba5b255b457cdcf2c532a1c6d0cdf8,2024-12-12 08:30:00,CHF,high,SNB Rate Decision,t,f,cb_spine,2026-06-07 16:04:29.494491
370,99bea60e514a9da975790b69c5347f8fc5de21d9,2025-03-20 08:30:00,CHF,high,SNB Rate Decision,t,f,cb_spine,2026-06-07 16:04:29.494491
371,d60a65735e7f4a7b89a7c91d94cfb8feede3b1df,2025-06-19 07:30:00,CHF,high,SNB Rate Decision,t,f,cb_spine,2026-06-07 16:04:29.494491
372,c58f86379556b5cc9747466fd70c0d43725152d9,2025-09-25 07:30:00,CHF,high,SNB Rate Decision,t,f,cb_spine,2026-06-07 16:04:29.494491
373,df114554fb96b8d242cb566fdfda0236beb8eca4,2025-12-11 08:30:00,CHF,high,SNB Rate Decision,t,f,cb_spine,2026-06-07 16:04:29.494491
374,8312e16bcfe47347fc74a63b50e892a0e530ef1e,2026-03-19 08:30:00,CHF,high,SNB Rate Decision,t,f,cb_spine,2026-06-07 16:04:29.494491
375,14f0cb1cbd096a18a1ba13d6e7df48225440ea32,2026-06-18 07:30:00,CHF,high,SNB Rate Decision,t,f,cb_spine,2026-06-07 16:04:29.494491
376,62c77fb5e3a27ff2dd6895ec9f70c5e6b69de36e,2026-09-04 12:30:00,USD,high,US Non-Farm Payrolls,t,f,fred_release,2026-08-28 20:15:00.210936
379,650bd49a07048ee8f7511f226def06b83146687e,2026-09-11 12:30:00,USD,high,US CPI,t,f,fred_release,2026-08-28 20:15:00.210936
